{
  "kasir aja (Request)" : {
    "transaction" : "kasir aja (Request)",
    "sampleCount" : 10,
    "errorCount" : 0,
    "errorPct" : 0.0,
    "meanResTime" : 971.1999999999999,
    "medianResTime" : 930.0,
    "minResTime" : 574.0,
    "maxResTime" : 1484.0,
    "pct1ResTime" : 1478.0,
    "pct2ResTime" : 1484.0,
    "pct3ResTime" : 1484.0,
    "throughput" : 0.996710854181202,
    "receivedKBytesPerSec" : 0.6647983529353135,
    "sentKBytesPerSec" : 0.2744848250772451
  },
  "Total" : {
    "transaction" : "Total",
    "sampleCount" : 10,
    "errorCount" : 0,
    "errorPct" : 0.0,
    "meanResTime" : 971.1999999999999,
    "medianResTime" : 930.0,
    "minResTime" : 574.0,
    "maxResTime" : 1484.0,
    "pct1ResTime" : 1478.0,
    "pct2ResTime" : 1484.0,
    "pct3ResTime" : 1484.0,
    "throughput" : 0.996710854181202,
    "receivedKBytesPerSec" : 0.6647983529353135,
    "sentKBytesPerSec" : 0.2744848250772451
  }
}